T[C],xZnO(Liq),xZnO(Mono)
2845.16205,1,1
2687.992252,0.8,0.973151984
2448.194074,0.6,0.941828047
2114.360681,0.45,0.89637627
1807.784369,0.349866975,0.809656007
